Date,Total Signals,energy,industrials,financials,consumer discretionary,healthcare,building materials,transportation,services,chemicals,n/a,power & utilities,miscellaneous,fmcg,textiles,aerospace & defence,auto,metals & mining,i.t,indices,realty,bank,plastic products,media,telecom-service,co-working,telecom
2025-09-18,2,0,0,0,1,0,0,0,0,1,0,0,0,0,0,0,0,0,0,0,0,0,0,0,0,0,0
2025-09-21,4,0,0,0,0,0,0,0,0,1,0,0,0,2,0,0,0,0,1,0,0,0,0,0,0,0,0
2025-09-22,8,0,0,1,0,0,0,0,1,1,0,0,0,3,0,0,0,0,2,0,0,0,0,0,0,0,0
2025-09-23,8,0,0,1,0,0,1,1,0,1,0,0,0,0,0,0,1,0,2,0,0,1,0,0,0,0,0
2025-09-24,14,1,2,2,0,2,2,0,0,0,0,0,0,2,0,0,2,0,1,0,0,0,0,0,0,0,0
2025-09-25,35,0,3,5,3,7,2,1,0,1,0,1,2,2,1,0,2,0,4,1,0,0,0,0,0,0,0
2025-09-28,12,0,1,1,4,1,0,0,0,0,0,0,0,2,0,1,0,0,1,0,0,0,0,0,1,0,0
2025-09-29,7,0,1,0,0,0,1,0,0,0,0,0,0,0,0,0,0,0,2,0,1,0,1,0,1,0,0
2025-09-30,4,0,0,1,0,1,0,1,0,0,0,0,0,0,0,0,1,0,0,0,0,0,0,0,0,0,0
2025-10-02,3,0,0,1,0,0,0,0,0,0,0,0,0,0,0,0,1,1,0,0,0,0,0,0,0,0,0
2025-10-05,2,0,0,0,1,0,0,0,0,0,0,0,0,0,0,0,0,0,1,0,0,0,0,0,0,0,0
2025-10-06,0,0,0,0,0,0,0,0,0,0,0,0,0,0,0,0,0,0,0,0,0,0,0,0,0,0,0
2025-10-07,4,0,1,1,0,0,0,0,0,0,0,1,0,0,0,0,0,0,0,0,1,0,0,0,0,0,0
2025-10-08,1,0,0,1,0,0,0,0,0,0,0,0,0,0,0,0,0,0,0,0,0,0,0,0,0,0,0
2025-10-09,0,0,0,0,0,0,0,0,0,0,0,0,0,0,0,0,0,0,0,0,0,0,0,0,0,0,0
2025-10-12,4,0,1,1,1,0,0,0,0,0,0,0,0,0,0,1,0,0,0,0,0,0,0,0,0,0,0
2025-10-13,4,0,0,1,0,0,0,0,0,0,0,0,0,0,0,0,1,1,0,0,1,0,0,0,0,0,0
2025-10-14,0,0,0,0,0,0,0,0,0,0,0,0,0,0,0,0,0,0,0,0,0,0,0,0,0,0,0
2025-10-15,1,0,0,0,0,0,0,0,0,0,0,0,0,0,0,0,1,0,0,0,0,0,0,0,0,0,0
2025-10-16,6,0,1,2,0,0,0,0,0,0,0,0,0,0,0,0,1,1,0,0,0,1,0,0,0,0,0
2025-10-19,2,0,0,0,0,0,0,0,0,0,0,1,0,0,0,0,0,0,0,0,0,1,0,0,0,0,0
2025-10-20,0,0,0,0,0,0,0,0,0,0,0,0,0,0,0,0,0,0,0,0,0,0,0,0,0,0,0
2025-10-22,1,0,0,0,0,0,0,0,0,0,0,0,0,1,0,0,0,0,0,0,0,0,0,0,0,0,0
2025-10-23,6,1,1,2,0,1,0,0,0,0,0,0,0,1,0,0,0,0,0,0,0,0,0,0,0,0,0
2025-10-26,0,0,0,0,0,0,0,0,0,0,0,0,0,0,0,0,0,0,0,0,0,0,0,0,0,0,0
2025-10-27,7,0,0,0,0,1,0,0,0,1,0,1,0,0,0,2,0,1,0,0,1,0,0,0,0,0,0
2025-10-28,4,0,0,3,0,0,0,0,0,0,0,0,0,0,0,0,0,1,0,0,0,0,0,0,0,0,0
2025-10-29,5,0,0,2,1,1,0,0,0,0,0,0,0,0,0,0,0,0,0,0,0,0,0,0,1,0,0
2025-10-30,11,0,2,3,1,0,0,1,0,1,0,0,0,0,0,0,1,0,1,0,0,1,0,0,0,0,0
2025-11-02,4,0,1,0,1,1,0,0,0,0,0,1,0,0,0,0,0,0,0,0,0,0,0,0,0,0,0
2025-11-03,9,0,0,2,0,0,0,0,1,0,0,1,0,1,0,1,2,1,0,0,0,0,0,0,0,0,0
2025-11-05,18,1,1,2,1,2,0,2,2,0,0,1,0,1,1,1,1,1,0,0,0,1,0,0,0,0,0
2025-11-06,15,0,1,2,3,1,0,1,0,0,0,2,0,1,0,1,0,2,1,0,0,0,0,0,0,0,0
2025-11-09,1,0,0,0,0,1,0,0,0,0,0,0,0,0,0,0,0,0,0,0,0,0,0,0,0,0,0
2025-11-10,5,1,0,2,0,1,0,0,0,0,0,0,0,1,0,0,0,0,0,0,0,0,0,0,0,0,0
2025-11-11,0,0,0,0,0,0,0,0,0,0,0,0,0,0,0,0,0,0,0,0,0,0,0,0,0,0,0
2025-11-12,6,0,0,1,0,1,0,0,0,0,0,1,1,1,0,1,0,0,0,0,0,0,0,0,0,0,0
2025-11-13,6,2,1,0,0,1,0,0,0,0,0,0,0,0,0,0,0,1,1,0,0,0,0,0,0,0,0
2025-11-16,1,0,1,0,0,0,0,0,0,0,0,0,0,0,0,0,0,0,0,0,0,0,0,0,0,0,0
2025-11-17,2,0,0,0,1,0,0,0,0,0,0,0,0,0,0,0,0,0,0,0,0,0,1,0,0,0,0
2025-11-18,5,0,1,2,0,0,0,0,0,0,0,0,0,0,0,0,0,0,0,0,2,0,0,0,0,0,0
2025-11-19,1,0,0,1,0,0,0,0,0,0,0,0,0,0,0,0,0,0,0,0,0,0,0,0,0,0,0
2025-11-20,9,0,1,0,0,1,0,0,0,0,0,0,0,0,0,0,0,3,1,0,3,0,0,0,0,0,0
2025-11-23,13,1,1,3,1,0,0,0,0,0,0,1,0,0,0,2,0,3,0,0,1,0,0,0,0,0,0
2025-11-24,4,2,0,1,0,0,0,0,0,0,0,0,0,0,0,0,1,0,0,0,0,0,0,0,0,0,0
2025-11-25,0,0,0,0,0,0,0,0,0,0,0,0,0,0,0,0,0,0,0,0,0,0,0,0,0,0,0
2025-11-26,3,1,0,1,0,0,0,0,0,0,0,0,0,0,0,0,0,0,0,0,1,0,0,0,0,0,0
2025-11-27,3,2,0,1,0,0,0,0,0,0,0,0,0,0,0,0,0,0,0,0,0,0,0,0,0,0,0
2025-11-30,3,0,0,1,0,0,0,0,0,0,0,0,0,0,0,0,0,0,0,0,0,1,1,0,0,0,0
2025-12-01,1,0,1,0,0,0,0,0,0,0,0,0,0,0,0,0,0,0,0,0,0,0,0,0,0,0,0
2025-12-02,13,2,0,5,0,0,0,0,0,0,0,1,0,2,0,0,0,1,0,0,0,2,0,0,0,0,0
2025-12-03,1,0,0,1,0,0,0,0,0,0,0,0,0,0,0,0,0,0,0,0,0,0,0,0,0,0,0
2025-12-04,6,0,0,1,2,0,0,0,0,0,0,0,0,0,0,0,1,1,1,0,0,0,0,0,0,0,0
2025-12-07,15,0,1,3,2,1,0,0,0,0,0,0,2,0,0,1,0,1,0,0,1,3,0,0,0,0,0
2025-12-08,11,1,3,0,0,0,0,1,0,0,0,0,1,3,0,0,0,1,0,0,0,1,0,0,0,0,0
2025-12-09,3,0,0,1,0,0,0,0,0,0,0,0,0,0,0,0,0,0,2,0,0,0,0,0,0,0,0
2025-12-10,5,0,0,1,0,0,0,0,0,0,0,0,0,0,0,0,1,0,1,1,0,0,0,0,1,0,0
2025-12-11,1,0,1,0,0,0,0,0,0,0,0,0,0,0,0,0,0,0,0,0,0,0,0,0,0,0,0
2025-12-14,1,0,0,0,0,0,0,0,0,0,0,0,0,0,0,0,1,0,0,0,0,0,0,0,0,0,0
2025-12-15,3,0,0,1,0,0,0,0,0,0,0,0,0,0,0,0,0,0,1,0,0,1,0,0,0,0,0
2025-12-16,3,0,0,0,0,0,0,0,0,0,0,0,0,1,0,0,0,0,1,0,0,1,0,0,0,0,0
2025-12-17,6,0,1,0,0,2,0,0,0,0,0,0,0,0,0,0,3,0,0,0,0,0,0,0,0,0,0
2025-12-18,2,0,1,1,0,0,0,0,0,0,0,0,0,0,0,0,0,0,0,0,0,0,0,0,0,0,0
2025-12-21,1,0,0,1,0,0,0,0,0,0,0,0,0,0,0,0,0,0,0,0,0,0,0,0,0,0,0
2025-12-22,1,0,0,0,0,0,0,0,0,0,0,0,0,0,0,0,0,0,1,0,0,0,0,0,0,0,0
2025-12-23,1,0,0,0,0,1,0,0,0,0,0,0,0,0,0,0,0,0,0,0,0,0,0,0,0,0,0
2025-12-25,1,0,0,0,0,0,0,0,0,0,0,0,0,0,0,0,0,0,1,0,0,0,0,0,0,0,0
2025-12-28,2,0,0,0,0,0,0,1,0,0,0,0,0,0,0,0,0,0,1,0,0,0,0,0,0,0,0
2025-12-29,4,0,0,3,1,0,0,0,0,0,0,0,0,0,0,0,0,0,0,0,0,0,0,0,0,0,0
2025-12-30,1,0,0,0,0,0,0,0,0,0,0,0,0,0,0,0,0,0,0,0,0,0,0,0,1,0,0
2025-12-31,0,0,0,0,0,0,0,0,0,0,0,0,0,0,0,0,0,0,0,0,0,0,0,0,0,0,0
2026-01-01,0,0,0,0,0,0,0,0,0,0,0,0,0,0,0,0,0,0,0,0,0,0,0,0,0,0,0
2026-01-04,4,0,1,0,0,0,0,0,0,0,0,0,0,0,0,0,0,0,3,0,0,0,0,0,0,0,0
2026-01-05,5,1,1,0,2,0,0,0,0,0,0,0,0,0,0,0,0,0,0,0,0,1,0,0,0,0,0
2026-01-06,3,0,0,0,0,1,0,0,1,0,0,0,0,0,0,0,0,0,0,0,0,1,0,0,0,0,0
2026-01-07,13,2,2,3,0,0,0,0,0,0,0,2,1,0,0,0,0,0,1,1,1,0,0,0,0,0,0
2026-01-08,15,0,0,4,0,0,1,1,0,0,0,1,0,1,1,1,2,0,1,1,1,0,0,0,0,0,0
2026-01-11,16,2,1,1,0,3,1,1,0,0,0,1,0,0,0,0,2,0,1,0,2,1,0,0,0,0,0
2026-01-12,6,0,0,1,0,2,0,0,0,0,0,0,0,0,0,0,0,0,0,0,1,2,0,0,0,0,0
2026-01-13,3,0,1,0,1,1,0,0,0,0,0,0,0,0,0,0,0,0,0,0,0,0,0,0,0,0,0
2026-01-15,4,0,0,1,0,1,0,0,0,0,0,0,0,0,0,0,1,0,0,0,0,0,0,0,1,0,0
2026-01-18,8,1,1,1,1,0,0,0,0,0,0,0,0,0,0,0,1,0,1,0,1,1,0,0,0,0,0
2026-01-19,30,0,2,2,3,4,0,1,0,2,0,1,2,0,1,1,4,1,1,0,1,1,2,0,0,0,1
2026-01-20,26,1,1,5,0,0,0,0,0,0,0,1,1,3,0,2,2,1,5,1,1,1,0,0,1,0,0
2026-01-21,4,0,0,3,1,0,0,0,0,0,0,0,0,0,0,0,0,0,0,0,0,0,0,0,0,0,0
2026-01-22,9,0,0,1,0,0,0,0,0,0,0,0,0,2,0,1,0,1,0,0,1,2,0,0,1,0,0
2026-01-26,6,0,0,0,1,1,1,0,0,0,0,0,0,2,0,0,0,0,0,0,0,1,0,0,0,0,0
2026-01-27,1,0,0,0,0,0,0,0,0,0,0,0,0,1,0,0,0,0,0,0,0,0,0,0,0,0,0
2026-01-28,10,0,0,3,1,1,0,0,0,0,0,0,0,2,0,0,0,0,2,0,0,1,0,0,0,0,0
2026-01-29,5,0,0,1,0,1,0,0,0,0,0,0,0,1,0,0,0,1,0,0,0,1,0,0,0,0,0
2026-01-31,25,0,1,8,0,1,1,0,0,0,0,0,0,0,0,2,0,4,1,1,0,6,0,0,0,0,0
2026-02-01,4,0,0,0,0,1,0,0,0,0,0,0,0,1,0,0,0,0,0,0,0,2,0,0,0,0,0
2026-02-02,0,0,0,0,0,0,0,0,0,0,0,0,0,0,0,0,0,0,0,0,0,0,0,0,0,0,0
2026-02-03,9,0,0,0,0,0,0,0,0,0,0,0,0,0,0,1,0,0,8,0,0,0,0,0,0,0,0
2026-02-04,0,0,0,0,0,0,0,0,0,0,0,0,0,0,0,0,0,0,0,0,0,0,0,0,0,0,0
2026-02-05,1,0,0,0,0,0,0,0,0,0,0,0,0,0,0,0,0,0,1,0,0,0,0,0,0,0,0
2026-02-08,0,0,0,0,0,0,0,0,0,0,0,0,0,0,0,0,0,0,0,0,0,0,0,0,0,0,0
2026-02-09,1,0,0,0,0,1,0,0,0,0,0,0,0,0,0,0,0,0,0,0,0,0,0,0,0,0,0
2026-02-10,0,0,0,0,0,0,0,0,0,0,0,0,0,0,0,0,0,0,0,0,0,0,0,0,0,0,0
2026-02-11,1,0,0,0,0,0,0,0,0,0,0,0,0,0,0,0,0,0,1,0,0,0,0,0,0,0,0
2026-02-12,1,0,0,0,0,1,0,0,0,0,0,0,0,0,0,0,0,0,0,0,0,0,0,0,0,0,0
2026-02-15,1,0,0,0,0,0,0,0,0,0,0,0,0,0,0,0,0,1,0,0,0,0,0,0,0,0,0
2026-02-16,0,0,0,0,0,0,0,0,0,0,0,0,0,0,0,0,0,0,0,0,0,0,0,0,0,0,0
2026-02-17,1,1,0,0,0,0,0,0,0,0,0,0,0,0,0,0,0,0,0,0,0,0,0,0,0,0,0
2026-02-18,1,0,0,0,0,0,0,0,0,0,0,0,0,0,0,0,0,0,1,0,0,0,0,0,0,0,0
2026-02-19,2,2,0,0,0,0,0,0,0,0,0,0,0,0,0,0,0,0,0,0,0,0,0,0,0,0,0
2026-02-22,4,0,0,0,0,0,0,0,0,1,0,0,0,0,0,0,0,0,1,0,0,2,0,0,0,0,0
2026-02-23,4,0,0,0,1,0,0,0,0,0,0,0,0,0,0,0,0,0,0,0,2,0,0,0,1,0,0
2026-02-24,4,1,1,1,0,0,0,0,1,0,0,0,0,0,0,0,0,0,0,0,0,0,0,0,0,0,0
2026-02-25,1,0,0,0,1,0,0,0,0,0,0,0,0,0,0,0,0,0,0,0,0,0,0,0,0,0,0
2026-02-26,7,0,0,4,0,0,1,0,0,0,0,0,0,0,1,0,0,0,0,1,0,0,0,0,0,0,0
2026-03-01,24,1,0,4,1,1,1,1,1,1,0,2,0,2,0,0,3,0,0,1,2,2,0,0,1,0,0
2026-03-03,22,2,1,5,2,0,1,0,0,0,0,0,1,2,0,0,2,3,1,0,0,1,0,0,0,0,1
2026-03-04,0,0,0,0,0,0,0,0,0,0,0,0,0,0,0,0,0,0,0,0,0,0,0,0,0,0,0
2026-03-05,5,1,0,2,0,0,0,0,0,0,0,1,0,0,0,0,1,0,0,0,0,0,0,0,0,0,0
2026-03-08,38,1,1,1,5,4,0,2,1,0,0,0,2,1,0,0,6,5,1,0,1,7,0,0,0,0,0
2026-03-09,0,0,0,0,0,0,0,0,0,0,0,0,0,0,0,0,0,0,0,0,0,0,0,0,0,0,0
2026-03-10,6,0,3,0,0,0,0,0,0,0,0,0,0,1,0,0,2,0,0,0,0,0,0,0,0,0,0
2026-03-11,9,0,1,0,2,0,0,1,0,0,0,0,0,1,0,0,1,1,0,0,0,1,0,0,0,0,1
2026-03-12,9,1,1,0,3,1,0,0,0,0,0,0,0,0,0,0,0,0,0,0,0,2,0,0,0,0,1
2026-03-15,14,0,2,0,1,3,0,0,0,0,0,0,0,1,0,1,1,2,0,0,0,3,0,0,0,0,0
2026-03-16,0,0,0,0,0,0,0,0,0,0,0,0,0,0,0,0,0,0,0,0,0,0,0,0,0,0,0
2026-03-17,0,0,0,0,0,0,0,0,0,0,0,0,0,0,0,0,0,0,0,0,0,0,0,0,0,0,0
2026-03-18,8,0,0,0,2,4,0,0,0,0,0,0,0,1,0,0,0,1,0,0,0,0,0,0,0,0,0
2026-03-19,3,0,0,1,0,0,0,0,0,0,0,0,0,0,0,0,0,2,0,0,0,0,0,0,0,0,0
2026-03-22,21,0,3,1,4,2,0,0,0,0,0,2,0,0,0,2,0,2,0,0,0,3,2,0,0,0,0
2026-03-23,2,0,0,0,0,2,0,0,0,0,0,0,0,0,0,0,0,0,0,0,0,0,0,0,0,0,0
2026-03-24,0,0,0,0,0,0,0,0,0,0,0,0,0,0,0,0,0,0,0,0,0,0,0,0,0,0,0
2026-03-26,0,0,0,0,0,0,0,0,0,0,0,0,0,0,0,0,0,0,0,0,0,0,0,0,0,0,0
2026-03-29,3,0,0,1,0,0,0,0,0,0,0,1,0,0,0,0,0,0,0,0,0,1,0,0,0,0,0
2026-03-31,1,0,0,0,0,1,0,0,0,0,0,0,0,0,0,0,0,0,0,0,0,0,0,0,0,0,0
2026-04-01,10,0,0,0,0,4,0,0,0,0,0,3,0,0,0,0,0,1,0,0,0,0,2,0,0,0,0
2026-04-05,0,0,0,0,0,0,0,0,0,0,0,0,0,0,0,0,0,0,0,0,0,0,0,0,0,0,0
2026-04-06,0,0,0,0,0,0,0,0,0,0,0,0,0,0,0,0,0,0,0,0,0,0,0,0,0,0,0
2026-04-07,0,0,0,0,0,0,0,0,0,0,0,0,0,0,0,0,0,0,0,0,0,0,0,0,0,0,0
2026-04-08,0,0,0,0,0,0,0,0,0,0,0,0,0,0,0,0,0,0,0,0,0,0,0,0,0,0,0
2026-04-09,1,0,0,0,0,0,0,0,0,0,0,0,0,0,0,0,0,1,0,0,0,0,0,0,0,0,0
2026-04-12,0,0,0,0,0,0,0,0,0,0,0,0,0,0,0,0,0,0,0,0,0,0,0,0,0,0,0
2026-04-14,0,0,0,0,0,0,0,0,0,0,0,0,0,0,0,0,0,0,0,0,0,0,0,0,0,0,0
2026-04-15,0,0,0,0,0,0,0,0,0,0,0,0,0,0,0,0,0,0,0,0,0,0,0,0,0,0,0
2026-04-16,0,0,0,0,0,0,0,0,0,0,0,0,0,0,0,0,0,0,0,0,0,0,0,0,0,0,0
2026-04-19,0,0,0,0,0,0,0,0,0,0,0,0,0,0,0,0,0,0,0,0,0,0,0,0,0,0,0
2026-04-20,0,0,0,0,0,0,0,0,0,0,0,0,0,0,0,0,0,0,0,0,0,0,0,0,0,0,0
2026-04-21,2,0,0,0,0,0,0,0,0,0,0,0,0,0,0,0,0,0,2,0,0,0,0,0,0,0,0
2026-04-22,4,0,0,1,0,0,0,0,0,0,0,0,0,0,0,0,1,0,1,0,0,1,0,0,0,0,0
2026-04-23,7,0,0,1,0,0,0,0,0,0,0,0,0,0,0,0,0,0,5,0,0,1,0,0,0,0,0
2026-04-26,0,0,0,0,0,0,0,0,0,0,0,0,0,0,0,0,0,0,0,0,0,0,0,0,0,0,0
2026-04-27,2,0,1,0,0,0,0,0,0,0,0,0,0,0,0,0,0,0,0,0,0,1,0,0,0,0,0
2026-04-28,0,0,0,0,0,0,0,0,0,0,0,0,0,0,0,0,0,0,0,0,0,0,0,0,0,0,0
2026-04-29,10,0,0,3,0,1,1,1,0,0,0,0,0,0,0,0,2,0,0,0,0,2,0,0,0,0,0
2026-05-03,0,0,0,0,0,0,0,0,0,0,0,0,0,0,0,0,0,0,0,0,0,0,0,0,0,0,0
2026-05-04,3,0,0,1,0,0,0,0,0,0,0,0,0,0,0,0,0,0,0,0,0,1,0,0,1,0,0
2026-05-05,1,0,0,0,0,0,0,0,0,0,0,0,0,1,0,0,0,0,0,0,0,0,0,0,0,0,0
2026-05-06,2,1,0,0,0,0,0,0,0,0,0,0,0,1,0,0,0,0,0,0,0,0,0,0,0,0,0
2026-05-07,3,0,0,0,0,0,1,0,0,0,0,0,0,1,0,0,0,0,0,0,0,1,0,0,0,0,0
2026-05-10,11,0,1,0,3,1,0,0,0,0,0,0,0,0,0,0,0,0,2,0,0,3,0,0,1,0,0
2026-05-11,15,2,0,2,4,0,1,0,0,0,0,1,0,0,0,1,1,0,3,0,0,0,0,0,0,0,0
2026-05-12,7,1,0,0,0,1,0,0,1,0,0,3,0,0,0,0,0,0,0,0,0,1,0,0,0,0,0
2026-05-13,6,0,0,0,3,0,0,0,0,0,0,0,0,0,0,0,0,1,1,0,0,1,0,0,0,0,0
2026-05-14,4,2,1,1,0,0,0,0,0,0,0,0,0,0,0,0,0,0,0,0,0,0,0,0,0,0,0
