Date,Total Signals,consumer discretionary,fmcg,industrials,bank,telecom-service,services,healthcare,transportation,n/a,chemicals,auto,metals & mining,indices,realty,textiles,aerospace & defence,financials,energy,miscellaneous,i.t,building materials,power & utilities,plastic products,media,telecom,co-working
2025-09-18,10,0,0,0,2,0,0,3,0,0,0,0,0,0,0,2,0,1,1,0,0,1,0,0,0,0,0
2025-09-21,4,0,0,0,0,0,0,0,0,0,1,0,1,0,1,0,0,0,0,0,0,1,0,0,0,0,0
2025-09-22,14,0,3,1,0,0,1,1,0,1,1,1,1,0,0,1,0,0,0,0,3,0,0,0,0,0,0
2025-09-23,7,1,1,1,1,0,0,0,0,0,1,0,0,0,0,0,0,1,0,0,0,1,0,0,0,0,0
2025-09-24,4,0,2,0,0,0,0,0,0,0,1,0,0,0,0,0,0,1,0,0,0,0,0,0,0,0,0
2025-09-25,2,0,0,0,0,0,0,0,0,0,0,0,1,0,0,0,0,1,0,0,0,0,0,0,0,0,0
2025-09-28,9,0,1,0,0,0,1,1,0,0,0,0,1,2,0,0,1,1,0,0,0,0,1,0,0,0,0
2025-09-29,6,0,0,0,1,0,0,0,0,0,0,0,0,1,1,0,0,1,0,0,0,1,0,0,1,0,0
2025-09-30,28,2,3,3,0,0,0,4,0,0,1,1,0,3,1,1,1,5,1,0,2,0,0,0,0,0,0
2025-10-02,71,5,4,4,1,0,2,1,2,1,2,2,2,21,1,1,3,4,2,0,6,2,2,1,0,2,0
2025-10-05,31,1,0,1,1,1,2,2,1,0,0,1,1,10,1,0,0,2,2,1,2,2,0,0,0,0,0
2025-10-06,17,0,0,2,2,0,0,1,0,0,0,0,1,2,0,0,0,2,1,1,4,0,0,1,0,0,0
2025-10-07,17,2,0,3,1,0,2,0,0,0,0,0,0,4,0,0,0,1,0,0,2,0,1,0,0,1,0
2025-10-08,16,3,2,1,0,0,1,0,0,0,1,0,0,3,0,0,0,1,0,0,2,1,1,0,0,0,0
2025-10-09,31,3,2,0,1,0,1,2,0,0,0,1,3,5,1,2,0,5,1,0,2,1,0,1,0,0,0
2025-10-12,10,1,1,1,0,0,0,0,1,0,0,0,0,0,0,1,0,2,0,0,2,0,0,0,1,0,0
2025-10-13,6,0,0,0,0,0,1,1,0,0,0,1,0,1,0,0,0,0,0,2,0,0,0,0,0,0,0
2025-10-14,22,1,2,0,0,0,1,0,0,1,2,0,3,5,1,1,0,3,0,0,1,0,0,0,1,0,0
2025-10-15,31,4,1,2,1,0,4,0,1,0,1,2,1,4,4,0,0,2,0,2,1,0,1,0,0,0,0
2025-10-16,17,2,4,1,1,0,0,0,0,0,0,1,0,2,0,2,1,0,0,0,1,2,0,0,0,0,0
2025-10-19,12,1,0,0,1,0,1,1,0,1,0,0,0,0,1,0,0,2,0,0,2,0,1,0,0,0,1
2025-10-20,33,3,2,3,1,0,0,2,0,0,2,3,3,0,4,2,0,0,1,1,2,1,0,1,2,0,0
2025-10-22,16,0,2,2,1,0,1,1,0,0,2,1,0,0,1,1,0,0,1,2,0,0,0,1,0,0,0
2025-10-23,9,1,1,2,0,0,1,1,0,0,0,0,0,0,1,0,0,2,0,0,0,0,0,0,0,0,0
2025-10-26,12,1,2,2,1,0,0,1,0,0,0,1,1,0,0,0,0,0,0,1,1,0,0,1,0,0,0
2025-10-27,20,2,1,5,0,0,2,1,0,0,4,0,0,0,0,1,0,2,1,1,0,0,0,0,0,0,0
2025-10-28,23,0,1,4,0,0,1,0,0,1,1,3,0,6,0,0,1,1,0,0,2,1,1,0,0,0,0
2025-10-29,13,3,0,0,0,0,1,1,0,0,0,0,0,0,2,2,0,3,0,0,1,0,0,0,0,0,0
2025-10-30,6,1,0,0,0,0,2,0,0,0,0,0,1,0,2,0,0,0,0,0,0,0,0,0,0,0,0
2025-11-02,16,1,3,2,1,0,0,1,0,0,0,2,1,0,1,0,0,2,1,0,0,1,0,0,0,0,0
2025-11-03,11,2,0,2,0,0,0,0,0,0,1,1,0,0,1,0,0,1,0,2,1,0,0,0,0,0,0
2025-11-05,8,0,0,1,0,0,1,0,0,0,0,2,0,0,2,0,0,0,0,1,0,1,0,0,0,0,0
2025-11-06,7,0,0,1,0,0,0,0,0,0,0,0,1,0,1,0,0,2,0,1,1,0,0,0,0,0,0
2025-11-09,31,1,2,0,1,0,1,2,0,0,0,3,1,6,1,1,1,5,1,1,2,0,1,0,0,1,0
2025-11-10,13,0,1,2,0,0,0,1,1,0,0,2,1,0,0,1,2,0,0,0,1,1,0,0,0,0,0
2025-11-11,28,3,0,3,0,0,0,0,0,2,2,1,1,0,2,1,1,4,0,1,3,3,1,0,0,0,0
2025-11-12,9,0,0,0,1,0,1,0,1,0,1,1,1,0,1,0,0,0,1,0,1,0,0,0,0,0,0
2025-11-13,13,2,2,1,0,0,1,0,0,0,1,0,0,0,0,0,0,3,0,1,0,0,0,0,2,0,0
2025-11-16,20,2,0,2,0,0,1,1,0,0,1,1,0,1,4,1,0,4,0,0,0,1,1,0,0,0,0
2025-11-17,10,0,1,1,0,0,0,0,0,0,0,0,2,0,0,0,0,4,0,0,1,0,1,0,0,0,0
2025-11-18,14,0,2,1,0,0,0,0,0,2,1,0,2,0,1,2,0,1,0,0,2,0,0,0,0,0,0
2025-11-19,5,1,0,1,0,0,0,1,0,0,0,0,0,0,1,0,0,1,0,0,0,0,0,0,0,0,0
2025-11-20,6,0,2,0,0,0,0,0,0,0,1,0,0,0,1,0,0,0,0,0,0,0,1,1,0,0,0
2025-11-23,4,2,0,0,0,0,0,0,0,0,0,0,0,0,0,0,0,1,0,0,0,0,0,0,1,0,0
2025-11-24,8,2,1,0,0,0,0,0,0,0,0,0,0,0,1,1,0,1,0,0,2,0,0,0,0,0,0
2025-11-25,29,0,0,0,0,0,2,1,1,0,1,2,4,6,2,1,1,2,0,0,3,3,0,0,0,0,0
2025-11-26,11,0,1,0,0,0,0,1,0,1,2,1,1,1,0,0,1,1,0,1,0,0,0,0,0,0,0
2025-11-27,6,0,0,0,0,1,0,2,0,0,0,0,0,0,1,0,0,1,0,0,1,0,0,0,0,0,0
2025-11-30,11,1,1,1,0,0,1,1,0,0,1,2,1,0,1,0,0,1,0,0,0,0,0,0,0,0,0
2025-12-01,5,0,0,0,0,0,0,0,0,0,0,2,0,0,0,0,0,2,0,0,1,0,0,0,0,0,0
2025-12-02,3,0,0,1,0,0,0,0,0,0,1,0,0,0,0,0,0,1,0,0,0,0,0,0,0,0,0
2025-12-03,7,0,1,0,0,0,0,0,0,0,1,0,0,0,2,0,0,3,0,0,0,0,0,0,0,0,0
2025-12-04,11,1,1,0,0,0,0,1,0,0,1,0,0,0,1,0,0,3,0,0,0,0,0,1,2,0,0
2025-12-07,1,0,0,1,0,0,0,0,0,0,0,0,0,0,0,0,0,0,0,0,0,0,0,0,0,0,0
2025-12-08,5,0,0,1,0,0,0,2,0,0,1,0,0,0,0,0,0,1,0,0,0,0,0,0,0,0,0
2025-12-09,21,2,1,2,0,0,1,5,0,0,0,0,2,0,0,2,0,2,0,0,0,3,0,0,1,0,0
2025-12-10,9,0,1,1,0,0,0,1,0,0,0,0,2,2,0,0,0,1,0,0,1,0,0,0,0,0,0
2025-12-11,44,2,3,5,1,0,1,3,0,2,3,0,1,14,6,0,0,1,1,0,1,0,0,0,0,0,0
2025-12-14,25,1,5,2,0,0,1,1,1,0,2,0,3,0,1,1,0,0,1,0,2,2,0,0,2,0,0
2025-12-15,14,0,0,2,0,0,0,1,0,0,1,0,2,3,0,1,0,1,2,0,0,1,0,0,0,0,0
2025-12-16,6,1,0,0,0,0,0,0,0,0,0,1,0,1,0,0,0,0,0,0,1,1,0,0,1,0,0
2025-12-17,5,1,0,2,0,0,0,1,0,0,0,0,0,0,0,0,0,0,0,0,0,1,0,0,0,0,0
2025-12-18,28,1,0,3,0,1,0,1,0,0,1,1,3,9,3,2,0,0,0,2,1,0,0,0,0,0,0
2025-12-21,37,1,0,4,3,0,1,2,1,0,0,1,1,12,2,0,0,3,1,2,3,0,0,0,0,0,0
2025-12-22,16,0,2,1,0,0,2,1,1,0,0,1,0,2,1,0,0,2,1,0,1,0,0,0,1,0,0
2025-12-23,16,1,1,1,0,0,1,1,0,0,0,1,1,2,1,0,1,1,0,2,1,0,0,0,1,0,0
2025-12-25,8,0,0,0,0,0,0,1,0,0,0,0,1,2,1,0,0,1,0,1,0,1,0,0,0,0,0
2025-12-28,10,0,2,0,0,0,2,0,0,0,1,0,3,0,0,0,0,1,0,0,0,0,1,0,0,0,0
2025-12-29,11,1,0,1,1,0,1,0,1,0,0,1,0,1,0,0,0,2,0,0,1,1,0,0,0,0,0
2025-12-30,38,0,1,4,2,0,2,1,0,0,1,3,3,11,1,2,2,1,0,0,2,0,1,0,1,0,0
2025-12-31,26,4,0,2,0,0,2,3,1,0,1,2,0,4,0,0,0,1,1,0,0,2,2,0,0,0,1
2026-01-01,28,1,0,2,1,0,1,0,1,1,0,2,0,8,0,0,1,6,2,0,2,0,0,0,0,0,0
2026-01-04,28,0,2,2,2,0,0,1,1,1,3,1,0,2,1,0,1,5,0,2,0,1,1,0,2,0,0
2026-01-05,9,1,1,0,0,0,1,0,0,0,0,1,0,1,0,0,0,3,1,0,0,0,0,0,0,0,0
2026-01-06,18,2,0,1,0,0,1,2,0,0,2,0,1,1,1,0,0,4,1,0,0,1,0,0,0,0,1
2026-01-07,2,0,0,0,0,0,1,1,0,0,0,0,0,0,0,0,0,0,0,0,0,0,0,0,0,0,0
2026-01-08,2,0,1,0,0,0,0,0,0,0,0,0,1,0,0,0,0,0,0,0,0,0,0,0,0,0,0
2026-01-11,3,0,1,0,0,0,0,0,0,0,0,0,1,1,0,0,0,0,0,0,0,0,0,0,0,0,0
2026-01-12,19,1,0,2,1,0,0,1,0,0,2,0,3,2,1,1,0,1,1,0,0,2,0,1,0,0,0
2026-01-13,20,0,0,1,0,0,0,0,0,0,1,1,0,4,2,1,1,3,1,0,2,0,0,2,1,0,0
2026-01-15,16,0,0,2,3,0,0,0,1,1,0,2,2,1,0,0,0,1,1,1,1,0,0,0,0,0,0
2026-01-18,6,1,0,0,1,0,0,0,0,0,0,0,0,2,0,0,0,1,0,1,0,0,0,0,0,0,0
2026-01-19,2,0,0,1,0,0,0,0,0,0,0,0,0,0,0,0,0,0,0,0,0,0,0,0,1,0,0
2026-01-20,0,0,0,0,0,0,0,0,0,0,0,0,0,0,0,0,0,0,0,0,0,0,0,0,0,0,0
2026-01-21,33,0,2,0,3,0,1,1,2,1,2,1,1,6,0,2,2,6,0,1,1,0,1,0,0,0,0
2026-01-22,4,0,0,1,0,0,0,0,0,0,0,0,0,0,0,0,0,1,1,0,0,0,0,0,1,0,0
2026-01-26,4,0,0,0,0,0,0,0,0,0,1,0,0,0,1,0,0,2,0,0,0,0,0,0,0,0,0
2026-01-27,50,3,1,2,0,0,1,1,2,0,3,0,7,15,0,1,2,2,3,1,2,1,0,1,2,0,0
2026-01-28,23,1,1,4,0,0,0,0,0,0,2,0,3,5,1,1,0,1,0,1,0,0,0,3,0,0,0
2026-01-29,14,0,2,3,0,0,1,1,0,1,1,1,0,0,2,1,1,0,0,0,0,0,0,0,0,0,0
2026-01-31,8,1,0,1,0,0,1,0,1,0,2,0,0,0,0,1,0,0,0,0,1,0,0,0,0,0,0
2026-02-01,16,2,1,2,1,0,0,1,1,0,1,1,1,2,1,0,0,0,0,0,0,0,1,1,0,0,0
2026-02-02,58,0,2,12,0,1,1,1,2,0,1,3,1,20,2,0,0,7,0,1,1,1,2,0,0,0,0
2026-02-03,68,3,3,4,2,0,2,4,3,2,3,6,3,14,7,2,0,5,0,2,2,1,0,0,0,0,0
2026-02-04,21,2,3,0,0,0,1,0,1,0,2,0,2,0,4,0,0,1,0,1,3,0,0,1,0,0,0
2026-02-05,10,0,0,0,1,1,0,1,0,0,1,0,1,0,1,0,0,0,1,0,1,1,1,0,0,0,0
2026-02-08,114,9,1,11,1,1,4,5,3,1,7,13,2,15,8,4,0,13,1,0,1,7,1,1,4,0,1
2026-02-09,69,4,8,7,1,0,3,5,1,1,3,5,2,2,5,1,0,5,1,1,6,3,0,2,3,0,0
2026-02-10,20,0,3,1,0,0,0,1,0,0,2,1,1,0,2,1,1,1,0,0,2,0,1,0,1,1,1
2026-02-11,11,0,0,0,0,0,0,3,1,0,1,0,0,1,2,1,0,0,0,1,1,0,0,0,0,0,0
2026-02-12,5,1,0,0,0,0,0,1,0,0,1,0,0,0,0,0,0,0,0,1,1,0,0,0,0,0,0
2026-02-15,15,0,2,0,1,0,0,1,0,0,1,0,1,2,2,1,0,4,0,0,0,0,0,0,0,0,0
2026-02-16,48,1,4,7,1,0,2,3,1,2,2,3,2,5,1,0,0,6,2,0,2,4,0,0,0,0,0
2026-02-17,23,2,2,0,4,0,1,2,0,0,0,1,0,3,3,1,0,1,0,0,2,1,0,0,0,0,0
2026-02-18,6,0,0,1,0,0,1,0,0,0,1,0,0,0,0,1,0,1,0,0,0,0,1,0,0,0,0
2026-02-19,5,0,0,1,0,1,0,0,0,0,1,0,0,0,1,0,0,0,0,0,0,0,0,0,1,0,0
2026-02-22,14,1,1,0,1,0,1,0,0,0,2,1,0,0,1,2,0,2,0,0,1,1,0,0,0,0,0
2026-02-23,3,0,0,0,0,0,0,0,1,0,0,0,0,0,0,0,0,1,0,1,0,0,0,0,0,0,0
2026-02-24,24,2,2,4,0,0,0,3,1,0,1,1,2,3,0,0,1,1,0,0,2,1,0,0,0,0,0
2026-02-25,16,0,2,2,0,1,0,2,0,1,0,0,0,1,1,1,2,1,0,0,1,1,0,0,0,0,0
2026-02-26,8,0,0,0,0,0,0,0,0,0,0,0,1,4,0,0,0,0,0,0,0,1,0,1,0,1,0
2026-03-01,4,0,1,0,0,0,0,0,0,1,0,0,0,2,0,0,0,0,0,0,0,0,0,0,0,0,0
2026-03-03,7,0,0,0,0,0,0,1,0,0,1,0,1,0,0,0,1,0,2,0,0,0,0,1,0,0,0
2026-03-04,32,1,1,2,1,0,1,3,0,0,1,0,0,14,0,0,0,2,0,2,0,1,0,1,1,1,0
2026-03-05,13,1,0,0,0,0,0,1,1,0,2,0,1,0,0,3,1,1,1,1,0,0,0,0,0,0,0
2026-03-08,3,0,1,0,0,0,0,0,0,0,0,0,0,0,0,0,0,0,1,0,1,0,0,0,0,0,0
2026-03-09,54,3,4,6,3,0,1,6,1,0,2,6,1,7,4,2,0,4,0,1,1,0,0,1,1,0,0
2026-03-10,8,1,1,1,0,0,0,0,0,0,0,1,0,0,1,1,0,1,1,0,0,0,0,0,0,0,0
2026-03-11,7,0,1,0,0,0,0,1,0,0,1,0,0,0,0,1,0,2,0,1,0,0,0,0,0,0,0
2026-03-12,5,0,1,0,0,0,1,0,0,0,1,0,0,0,0,0,0,0,0,2,0,0,0,0,0,0,0
2026-03-15,2,0,0,0,0,0,0,0,0,0,0,0,1,0,0,0,0,1,0,0,0,0,0,0,0,0,0
2026-03-16,22,1,1,2,0,0,0,3,1,0,2,2,1,4,0,1,0,0,0,1,0,2,0,0,1,0,0
2026-03-17,31,2,1,4,1,0,1,2,1,0,3,1,2,6,2,0,0,1,0,0,0,3,1,0,0,0,0
2026-03-18,1,0,0,1,0,0,0,0,0,0,0,0,0,0,0,0,0,0,0,0,0,0,0,0,0,0,0
2026-03-19,16,1,2,1,0,0,2,1,0,0,1,0,4,1,0,1,0,2,0,0,0,0,0,0,0,0,0
2026-03-22,1,0,0,0,0,0,0,0,0,0,1,0,0,0,0,0,0,0,0,0,0,0,0,0,0,0,0
2026-03-23,10,0,2,3,0,0,1,0,0,0,0,0,1,1,0,0,0,2,0,0,0,0,0,0,0,0,0
2026-03-24,44,4,4,5,2,0,0,3,0,0,3,2,2,6,3,1,0,3,0,2,2,2,0,0,0,0,0
2026-03-26,5,0,0,1,0,0,0,1,0,0,0,0,0,0,2,0,0,1,0,0,0,0,0,0,0,0,0
2026-03-29,5,0,1,1,0,0,1,0,0,0,0,0,0,0,0,1,0,0,0,0,1,0,0,0,0,0,0
2026-03-31,30,1,2,4,0,0,0,7,1,0,3,0,2,2,0,0,0,2,0,1,0,3,1,0,1,0,0
2026-04-01,11,0,0,0,0,0,0,1,0,1,3,0,1,1,1,1,0,0,0,0,1,0,0,0,1,0,0
2026-04-05,60,4,6,2,3,0,2,3,0,1,4,1,3,2,6,4,1,5,1,2,5,3,2,0,0,0,0
2026-04-06,66,2,2,7,0,0,2,6,1,1,5,0,5,7,3,3,1,5,0,5,2,3,0,1,5,0,0
2026-04-07,230,9,4,14,6,0,7,2,4,4,12,5,4,99,15,6,0,17,0,7,5,4,2,1,1,2,0
2026-04-08,41,4,3,1,0,0,3,1,1,0,0,0,1,8,4,1,1,4,1,2,1,3,0,2,0,0,0
2026-04-09,96,8,6,5,2,0,2,7,4,1,4,11,3,10,9,4,1,3,3,1,5,3,0,0,3,0,1
2026-04-12,16,1,1,1,0,0,0,1,1,0,0,0,2,0,1,1,2,2,0,0,0,2,0,0,1,0,0
2026-04-14,181,19,6,17,1,2,6,9,3,4,10,7,8,17,12,6,2,14,3,4,11,8,2,5,4,0,1
2026-04-15,26,2,1,3,0,0,1,1,0,0,1,0,2,3,3,1,0,1,0,0,3,1,0,2,0,0,1
2026-04-16,29,0,3,2,0,0,1,2,1,0,0,1,1,1,1,3,1,4,0,2,5,1,0,0,0,0,0
2026-04-19,2,0,0,0,1,0,0,0,0,0,0,0,0,0,0,0,0,1,0,0,0,0,0,0,0,0,0
2026-04-20,11,1,0,1,1,0,0,0,0,0,0,1,0,1,3,0,0,1,1,0,1,0,0,0,0,0,0
2026-04-21,10,2,1,0,1,0,1,1,0,0,0,1,0,1,0,0,0,0,0,1,0,1,0,0,0,0,0
2026-04-22,7,1,0,0,0,0,1,0,0,1,0,0,0,0,0,1,0,0,0,0,2,0,0,0,1,0,0
2026-04-23,2,0,0,0,0,0,0,0,0,0,0,0,0,1,0,0,0,0,0,0,0,0,0,1,0,0,0
2026-04-26,28,0,0,0,1,1,0,3,1,0,0,2,1,6,1,0,0,0,0,0,5,5,0,2,0,0,0
2026-04-27,13,0,0,1,1,0,0,0,0,0,0,0,2,0,1,0,0,1,2,1,3,1,0,0,0,0,0
2026-04-28,14,1,1,0,0,0,2,0,0,0,0,2,1,5,1,1,0,0,0,0,0,0,0,0,0,0,0
2026-04-29,4,0,0,0,0,1,0,0,0,0,0,2,0,0,0,0,0,0,0,0,0,0,0,0,1,0,0
2026-05-03,18,3,2,1,0,0,0,3,1,0,0,1,0,1,2,0,0,2,0,1,0,1,0,0,0,0,0
2026-05-04,9,0,2,2,0,0,0,1,0,0,1,0,0,1,0,0,0,1,1,0,0,0,0,0,0,0,0
2026-05-05,35,1,0,1,0,0,0,4,1,0,3,2,0,6,2,0,0,7,1,3,3,0,0,1,0,0,0
2026-05-06,19,0,1,2,0,0,2,2,1,0,0,3,0,1,1,1,0,1,0,0,3,1,0,0,0,0,0
2026-05-07,7,0,1,0,0,0,0,0,0,0,0,1,0,0,1,1,0,0,0,0,2,1,0,0,0,0,0
2026-05-10,0,0,0,0,0,0,0,0,0,0,0,0,0,0,0,0,0,0,0,0,0,0,0,0,0,0,0
2026-05-11,2,0,0,0,0,0,0,0,0,0,0,0,0,1,0,0,0,0,1,0,0,0,0,0,0,0,0
2026-05-12,5,0,0,0,0,0,1,0,0,0,1,0,1,0,0,0,0,0,1,0,1,0,0,0,0,0,0
2026-05-13,15,2,1,0,0,0,0,1,0,1,0,0,2,3,1,0,0,1,0,1,1,0,0,0,1,0,0
2026-05-14,6,2,1,1,1,1,0,0,0,0,0,0,0,0,0,0,0,0,0,0,0,0,0,0,0,0,0
