Sr,NSE Code,BSE Code,Company Name,Close (₹),% Change,Volume
1,TVSHLTD,520056,TVS Holdings Ltd,13844,-0.8,2057
2,APOLLOHOSP,508869,Apollo Hospitals Enterprise Limited,8082.5,-0.45,300134
3,SANOFICONR,544250,Sanofi Consumer Healthcare India Ltd,4868.4,-3.15,4115
4,LT,500510,Larsen & Toubro Limited,3909,-0.8,1339185
5,INDOTECH,532717,Indo Tech Transformers Limited,2599.8,-3.7,29834
6,DEEPAKNTR,506401,Deepak Nitrite Limited,1826.4,-0.75,119062
7,EBBETF0431,543216,Bharat Bond ETF - April 2031,1399.73,0.16,4688
8,NILKAMAL,523385,Nilkamal Limited,1288.4,-3.89,9948
9,IFBAGRO,507438,Ifb Agro Industries Limited,967.7,-9.2,49095
10,INDUSINDBK,532187,Indusind Bank Limited,886.4,-2.37,1437283
11,SIGNATURE,543990,SignatureGlobal India Ltd,851.3,-1.72,196063
12,CLEAN,543318,Clean Science & Technology Ltd,766.65,-6.28,443780
13,BIL,526666,Bhartiya International Limited,734.85,-0.04,1323
14,VENTIVE,544321,Ventive Hospitality Ltd,653.2,-2.16,31799
15,SUNDRMBRAK,590072,Sundaram Brake Linings Limited,620.5,0.67,1223
16,BIMETAL,505681,Bimetal Bearings Ltd,563.25,-1.21,10
17,UNITEDTEA,,The United Nilgiri Tea Estates Company Limited,536.15,0.12,380
18,DICIND,500089,Dic India Limited,517.05,1.11,2588
19,JSFB,,Jana Small Finance Bank Ltd,490.85,-1.57,543022
20,SYNGENE,539268,Syngene International Limited,454.05,-2.97,1005028
21,IGPL,500199,Ig Petrochemicals Limited,444.25,-2.28,13488
22,AARTISURF,543210,Aarti Surfactants Ltd,394.35,-2.91,6383
23,NLCINDIA,513683,Nlc India Limited,352.8,-4.88,11521132
24,SUDARCOLOR,506390,Sudarshan Colorants India Ltd,345.95,-0.19,1267
25,VEDL,500295,Vedanta Limited,331.05,-2.32,56392805
26,BHAGYANGR,512296,Bhagyanagar India,317.25,-3.37,137409
27,PONNIERODE,532460,Ponni Sugars (erode) Limited,306.4,0.38,16962
28,DHARMAJ,543687,Dharmaj Crop Guard Ltd,265.2,-1.6,24472
29,PANSARI,538381,Pansari Developers Ltd,264.8,1.63,368
30,SILVERBND,544639,Bandhan Silver ETF,261.18,-7.53,38788
31,AXISILVER,535479,Axis Silver ETF,259.57,-7.59,2635776
32,FIRSTCRY,544226,Brainbees Solutions Ltd,224.22,-2.51,449546
33,HUBTOWN,532799,Hubtown Limited,212.3,-6.31,1382240
34,SOLARWORLD,544532,Solarworld Energy Solutions Ltd,205.26,-4.68,148294
35,AEQUS,544634,Aequs Ltd,202.52,-1.22,1297694
36,SAGCEM,502090,Sagar Cements Limited,180.87,-2.23,52452
37,DPWIRES,535012,D P Wires Ltd,177.46,-2.59,5811
38,SMARTLINK,532419,Smartlink Network Systems Limited,169.35,-8.25,74859
39,HDFCSML250,543775,HDFC Nifty Small Cap 250 ETF,168.12,-0.41,1042463
40,IPL,543311,India Pesticides Ltd,165.21,-2.27,221876
41,AHLEAST,533227,Asian Hotels (east) Limited,161.3,0.59,225
42,DCMNVL,542729,DCM Nouvelle Ltd,154.04,-2.98,8141
43,HISARMETAL,590018,Hisar Metal Industries Ltd,153.89,0.91,247
44,GIPCL,517300,Gujarat Industries Power Company Limited,146.55,-1.7,171882
45,AMIRCHAND,544743,Amir Chand Jagdish Kumar (Exports) Ltd,130.18,-1.79,310567
46,CANBK,532483,Canara Bank Ltd,128.07,-2.12,38366481
47,MOLDTECH,526263,Mold-tek Technologies Limited,124.64,-10.9,269690
48,MUFIN,542774,Mufin Green Finance Ltd,112.71,-0.88,894315
49,DBOL,543593,Dhampur Bio Organics Ltd,110.62,-2.34,28162
50,IOLCP,524164,Iol Chemicals And Pharmaceuticals Limited,105.94,-3.12,1619391
51,CPSEETF,538057,CPSE ETF*,105.89,-0.2,935906
52,GANESHBE,500153,Ganesh Benzoplast Ltd,93.83,-4.92,81490
53,OCCLLTD,544278,OCCL Ltd,92.51,-4,80610
54,TNPETRO,500777,Tamilnadu Petroproducts Limited,89.59,-1.02,90163
55,AAREYDRUGS,524412,Aarey Drugs & Pharmaceuticals Ltd,88.7,-2.85,29831
56,ARCHIDPLY,532994,Archidply Industries Limited,82.5,-1.66,7211
57,KUANTUM,532937,Kuantum Papers Ltd,78.26,-2.76,42585
58,DBEIL,544276,Deepak Builders & Engineers India Ltd,77.3,-1.82,38107
59,DOLATALGO,505526,Dolat Algotech Ltd,77.24,-2.49,63707
60,MOM100,536960,Motilal Oswal Midcap 100 ETF,65.29,-0.38,350810
61,LYKALABS,500259,Lyka Labs Limited,61.62,-1.27,5438
62,HBSL,532216,HB Stockholdings Ltd,60.25,-0.71,2572
63,BANKNIFTY1,,BANKNIFTY1,55.67,-0.7,2246997
64,SONAMLTD,535087,Sonam Ltd,50.82,-1.97,25842
65,DIGJAMLMTD,539979,Digjam Ltd,46.63,-2.81,2994
66,AHLADA,535111,Ahlada Engineers Ltd,42.7,-2.31,9113
67,SRD,542232,Shankar Lal Rampal Dye-Chem Ltd,42.21,-1.1,11058
68,PTL,509220,Ptl Enterprises Limited,39.87,-1.51,29908
69,PALREDTEC,532521,Palred Technologies Limited,39.03,2.41,4518
70,GULFPETRO,532543,Gp Petroleums Limited,33.16,-0.21,22170
71,BLUECOAST,531495,Blue Coast Hotels Limited,32.4,1.25,1002
72,XTGLOBAL,531225,XT Global Infotech Ltd,31.14,-1.33,25677
73,PIONEEREMB,514300,Pioneer Embroideries Limited,26,-0.04,3814
74,MERCANTILE,538942,Mercantile Ventures Ltd,24.88,-7.78,2980
75,MOTOGENFIN,501343,The Motor & General Finance Limited,23.64,-1.54,16763
76,SINDHUTRAD,532029,Sindhu Trade Links Ltd,23.07,-0.73,1028553
77,SIGACHI,543389,Sigachi Industries Ltd,20.25,-3.39,517516
78,BRNL,540700,Bharat Road Network,20.25,-0.88,17158
79,GAYAPROJ,532767,Gayatri Projects Limited,18.04,-4.85,296585
80,VIRINCHI,532372,Virinchi Ltd,16.98,-1.28,40434
81,AVROIND,535098,Avro India Ltd,10.31,-3.28,174793
82,FLEXIADD,544581,DSP Nifty500 Flexicap Quality 30 ETF,9.57,0.21,76380
83,PILITA,500327,Pil Italica Lifestyle Limited,8.37,-5.74,115569
84,EASEMYTRIP,543272,Easy Trip Planners Ltd,7.91,-4.35,11165755
85,CELEBRITY,532695,Celebrity Fashions Limited,7.82,-1.01,14752
86,COMFINTE,531216,Comfort Intech Ltd,7.8,-9.2,758488
87,MKPL,543919,M K Proteins Ltd,5.12,-2.29,169981
88,BAGFILMS,532507,B.a.g Films And Media Limited,4.97,-1.19,18906
89,UNITECH,507878,Unitech Limited,4.47,-2.83,2995198
90,AJOONI,535040,Ajooni Biotech Ltd,4.18,-0.95,154374
91,DNAMEDIA,540789,Diligent Media Corporation Ltd,2.97,0.68,19272
92,GAYAHWS,541546,Gayatri Highways Ltd,2.37,0,196266
